--Creation de l'utilisateur BLAKE
CREATE USER BLAKE
IDENTIFIED BY BLAKE
DEFAULT TABLESPACE USERS
TEMPORARY TABLESPACE TEMP
QUOTA UNLIMITED ON USERS;

--Droits de connexion et de création de tables 
GRANT RESOURCE TO BLAKE;
GRANT CONNECT TO BLAKE;
GRANT CREATE ANY TABLE TO BLAKE;

--Création du dossier logique
 CREATE DIRECTORY dossier_export AS ‘D:\Data Pump’;
 
--Droits d'ecriture dans le dossier d'export/import
GRANT read, write ON DIRECTORY dossier_export TO BLAKE;

--Droits d'export/import de la base au complet
GRANT DATAPUMP_EXP_FULL_DATABASE TO BLAKE;
GRANT DATAPUMP_IMP_FULL_DATABASE TO BLAKE;

--Creation de la table ADHERANT
CREATE TABLE ADHERENT
(
	ADR_ID INT NOT NULL PRIMARY KEY,
	ADR_NOM CHAR(32),
	ADR_PRENOM VARCHAR(25)
);

--Creation de la table SPORT
CREATE TABLE SPORT
(
	SPT_ID INT NOT NULL PRIMARY KEY,
	SPT_LIBELLE VARCHAR(32)
);
	
--Creation de la table PRATIQUE
CREATE TABLE PRATIQUE
(
	ADR_ID INT NOT NULL,
	SPT_ID INT NOT NULL
);

ALTER TABLE PRATIQUE ADD CONSTRAINT FK_ADR FOREIGN KEY(ADR_ID) REFERENCES ADHERENT(ADR_ID);
ALTER TABLE PRATIQUE ADD CONSTRAINT FK_SPT FOREIGN KEY(SPT_ID) REFERENCES SPORT(SPT_ID);
ALTER TABLE PRATIQUE ADD CONSTRAINT PK_PRT PRIMARY KEY (ADR_ID, SPT_ID);

--Insertion de donnes dans la table ADHERENT
INSERT INTO ADHERENT VALUES (1, 'DUVERLIE', 'FRANCOISE'); 
INSERT INTO ADHERENT VALUES (2, 'LEMARCHAND', 'COLETTE'); 
INSERT INTO ADHERENT VALUES (3, 'ROCANCOURT', 'XAVIER'); 
INSERT INTO ADHERENT VALUES (4, 'BUISARD', 'GEORGES'); 
INSERT INTO ADHERENT VALUES (5, 'LAROSE', 'SOLANGE'); 
INSERT INTO ADHERENT VALUES (6, 'HOLLEY', 'JANINE'); 
INSERT INTO ADHERENT VALUES (7, 'RIVIERE', 'GERARD'); 
INSERT INTO ADHERENT VALUES (8, 'LEGRAND', 'JEAN LOUIS'); 
INSERT INTO ADHERENT VALUES (9, 'DUDOUET-MALASSIS', 'GISELE'); 
INSERT INTO ADHERENT VALUES (10, 'MORIN', 'GENEVIEVE'); 
INSERT INTO ADHERENT VALUES (11, 'LE NOEL', 'GUY'); 
INSERT INTO ADHERENT VALUES (12, 'LANGRAND', 'AUGUSTE'); 
INSERT INTO ADHERENT VALUES (13, 'ROBERT', 'PIERRE'); 
INSERT INTO ADHERENT VALUES (14, 'COISPEL', 'BERNARD'); 
INSERT INTO ADHERENT VALUES (15, 'LEBOSQUAIN', 'JEAN'); 
INSERT INTO ADHERENT VALUES (16, 'LEROY', 'NADINE'); 
INSERT INTO ADHERENT VALUES (17, 'LENORMAND', 'MICHEL'); 
INSERT INTO ADHERENT VALUES (18, 'LE COMTE', 'GERARD'); 
INSERT INTO ADHERENT VALUES (19, 'FERREIRA', 'JACK'); 
INSERT INTO ADHERENT VALUES (20, 'VALENTE', 'J GEORGES'); 
INSERT INTO ADHERENT VALUES (21, 'GAUTIER', 'YVETTE'); 
INSERT INTO ADHERENT VALUES (22, 'ROYER', 'JEAN'); 
INSERT INTO ADHERENT VALUES (23, 'LOPEZ', 'JEAN PIERRE'); 
INSERT INTO ADHERENT VALUES (24, 'LETOUZEY', 'ANNETTE'); 
INSERT INTO ADHERENT VALUES (25, 'LEVAVASSEUR', 'SOPHIE'); 
INSERT INTO ADHERENT VALUES (26, 'LAIGNEL', 'ROGER'); 
INSERT INTO ADHERENT VALUES (27, 'MORAINE', 'HUGUETTE'); 
INSERT INTO ADHERENT VALUES (28, 'ROSEN', 'BERNADETTE'); 
INSERT INTO ADHERENT VALUES (29, 'MARIE', 'GENEVIEVE'); 
INSERT INTO ADHERENT VALUES (30, 'MEUDIC', 'JANINE'); 
INSERT INTO ADHERENT VALUES (31, 'HEBERT', 'FRANCOISE'); 
INSERT INTO ADHERENT VALUES (32, 'FALISE', 'MARIE THERESE'); 
INSERT INTO ADHERENT VALUES (33, 'HEMERY', 'JEANNE'); 
INSERT INTO ADHERENT VALUES (34, 'HEUDE', 'CLAUDINE'); 
INSERT INTO ADHERENT VALUES (35, 'DAIGREMONT', 'CLAUDE'); 
INSERT INTO ADHERENT VALUES (36, 'LEFRANCOIS', 'FRANCOIS'); 
INSERT INTO ADHERENT VALUES (37, 'THETIOT', 'JEAN'); 
INSERT INTO ADHERENT VALUES (38, 'FREMONT', 'REMY'); 
INSERT INTO ADHERENT VALUES (39, 'BARRASSIN', 'DANIEL'); 
INSERT INTO ADHERENT VALUES (40, 'SERAFIN', 'MAURICE'); 
INSERT INTO ADHERENT VALUES (41, 'DUBUS', 'JEANNE'); 
INSERT INTO ADHERENT VALUES (42, 'LEBLOND', 'MARIE LOUISE'); 
INSERT INTO ADHERENT VALUES (43, 'VANDAELE', 'BERNARD'); 
INSERT INTO ADHERENT VALUES (44, 'PERRIER', 'GUY'); 
INSERT INTO ADHERENT VALUES (45, 'MANCEL', 'JEAN CHARLES'); 
INSERT INTO ADHERENT VALUES (46, 'PIEDVACHE', 'MADELEINE'); 
INSERT INTO ADHERENT VALUES (47, 'DEGRENNE', 'CLAUDE'); 
INSERT INTO ADHERENT VALUES (48, 'CARABEUF', 'YVES'); 
INSERT INTO ADHERENT VALUES (49, 'BAROCHE', 'PAULETTE'); 
INSERT INTO ADHERENT VALUES (50, 'DEVIQUE', 'CHRISTIAN'); 
INSERT INTO ADHERENT VALUES (51, 'GOGUET', 'DANIEL'); 
INSERT INTO ADHERENT VALUES (52, 'DAGAIN', 'ALAIN'); 
INSERT INTO ADHERENT VALUES (53, 'GROSMESNIL', 'MICHEL'); 
INSERT INTO ADHERENT VALUES (54, 'COLIN', 'ALPHONSINE'); 
INSERT INTO ADHERENT VALUES (55, 'BONVICINI', 'MAURICE'); 
INSERT INTO ADHERENT VALUES (56, 'RYDER', 'RAYMONDE'); 
INSERT INTO ADHERENT VALUES (57, 'DUCHATELLE', 'ROLAND'); 
INSERT INTO ADHERENT VALUES (58, 'GDOWSKI', 'LOUISE'); 
INSERT INTO ADHERENT VALUES (59, 'MESNIL', 'PASCAL'); 
INSERT INTO ADHERENT VALUES (60, 'LEDUC', 'BERNARD'); 
INSERT INTO ADHERENT VALUES (61, 'COLLET', 'THERESE'); 
INSERT INTO ADHERENT VALUES (62, 'AUGER', 'FRANCOISE'); 
INSERT INTO ADHERENT VALUES (63, 'CANONNE', 'PATRICIA'); 
INSERT INTO ADHERENT VALUES (64, 'VASLIN', 'BERNARD'); 
INSERT INTO ADHERENT VALUES (65, 'MARTIN', 'ELIANE'); 
INSERT INTO ADHERENT VALUES (66, 'CATHRINE', 'HENRI'); 
INSERT INTO ADHERENT VALUES (67, 'MARTIN', 'CLAUDE'); 
INSERT INTO ADHERENT VALUES (68, 'DELARUE', 'MARIE MADELEINE'); 
INSERT INTO ADHERENT VALUES (69, 'PIROU', 'PAUL'); 
INSERT INTO ADHERENT VALUES (70, 'FARCY', 'JOSETTE'); 
INSERT INTO ADHERENT VALUES (71, 'LEBLATIER', 'MARCEL'); 
INSERT INTO ADHERENT VALUES (72, 'LEFLOCH', 'GERARD'); 
INSERT INTO ADHERENT VALUES (73, 'CORDELLIER', 'MARCELLINE'); 
INSERT INTO ADHERENT VALUES (74, 'VAN DOORNE', 'MARIE CLAUDE'); 
INSERT INTO ADHERENT VALUES (75, 'DAUVERGNE', 'YOLANDE'); 
INSERT INTO ADHERENT VALUES (76, 'LEDRU', 'MICHEL'); 
INSERT INTO ADHERENT VALUES (77, 'DESLANDES', 'MADELEINE'); 
INSERT INTO ADHERENT VALUES (78, 'LEBRET', 'NICOLE'); 
INSERT INTO ADHERENT VALUES (79, 'BAZILLE', 'DANIEL'); 
INSERT INTO ADHERENT VALUES (80, 'LHERMITE', 'SIMONE'); 
INSERT INTO ADHERENT VALUES (81, 'LESENECHAL', 'ARMELLE'); 
INSERT INTO ADHERENT VALUES (82, 'GUERIN', 'PATRICIA'); 
INSERT INTO ADHERENT VALUES (83, 'JOSEPHINE', 'JULIETTE'); 
INSERT INTO ADHERENT VALUES (84, 'HAMEL', 'MAURICETTE'); 
INSERT INTO ADHERENT VALUES (85, 'SANCHEZ ACUNA', 'CHARLES'); 
INSERT INTO ADHERENT VALUES (86, 'JACQUES', 'ODETTE'); 
INSERT INTO ADHERENT VALUES (87, 'ANJOU', 'FERNAND'); 
INSERT INTO ADHERENT VALUES (88, 'LEFIOT', 'SERGE'); 
INSERT INTO ADHERENT VALUES (89, 'MENANT', 'XAVIER'); 
INSERT INTO ADHERENT VALUES (90, 'DAVID', 'SIMONNE'); 
INSERT INTO ADHERENT VALUES (91, 'MARIAGE', 'IRENE'); 
INSERT INTO ADHERENT VALUES (92, 'CAPET', 'BERNARD'); 
INSERT INTO ADHERENT VALUES (93, 'GROULT', 'JEAN CLAUDE'); 
INSERT INTO ADHERENT VALUES (94, 'ROGUE', 'HELENE'); 
INSERT INTO ADHERENT VALUES (95, 'LEMAINE', 'MARTHE'); 
INSERT INTO ADHERENT VALUES (96, 'BOURREAU', 'IRENE'); 
INSERT INTO ADHERENT VALUES (97, 'ROCQUANCOURT', 'CECILE'); 
INSERT INTO ADHERENT VALUES (98, 'ROBINE', 'GEORGETTE'); 
INSERT INTO ADHERENT VALUES (99, 'LEMOIGNE', 'MARCELINE'); 
INSERT INTO ADHERENT VALUES (100, 'LEBRETON', 'JEAN-LUC');

--Insertion de donnes dans la table SPORT
INSERT INTO SPORT VALUES (1, ‘Aerobic sportive’);
INSERT INTO SPORT VALUES (2, ‘Aérostation’);
INSERT INTO SPORT VALUES (3, ‘Aikido’);
INSERT INTO SPORT VALUES (4, ‘Alpinisme’);
INSERT INTO SPORT VALUES (5, ‘Apnée’);
INSERT INTO SPORT VALUES (6, ‘Aqua gym’);
INSERT INTO SPORT VALUES (7, ‘Arts martiaux artistiques’);
INSERT INTO SPORT VALUES (8, ‘Athlétisme’);
INSERT INTO SPORT VALUES (9, ‘Aviron’);
INSERT INTO SPORT VALUES (10, ‘Badminton’);
INSERT INTO SPORT VALUES (11, ‘Baseball’);
INSERT INTO SPORT VALUES (12, ‘Basket ball’);
INSERT INTO SPORT VALUES (13, ‘Beach volley’);
INSERT INTO SPORT VALUES (14, ‘Biathlon’);
INSERT INTO SPORT VALUES (15, ‘Billard’);
INSERT INTO SPORT VALUES (16, ‘BMX’);
INSERT INTO SPORT VALUES (17, ‘Boxe américaine’);
INSERT INTO SPORT VALUES (18, ‘Boxe anglaise’);
INSERT INTO SPORT VALUES (19, ‘Boxe chinoise’);
INSERT INTO SPORT VALUES (20, ‘Boxe française’);
INSERT INTO SPORT VALUES (21, ‘Boxe thaïlandaise’);
INSERT INTO SPORT VALUES (22, ‘Canoë kayak’);
INSERT INTO SPORT VALUES (23, ‘Canyonisme’);
INSERT INTO SPORT VALUES (24, ‘Capoeira’);
INSERT INTO SPORT VALUES (25, ‘Char à voile’);
INSERT INTO SPORT VALUES (26, ‘Course à pied’);
INSERT INTO SPORT VALUES (27, ‘Cyclisme sur piste’);
INSERT INTO SPORT VALUES (28, ‘Cyclisme sur route’);
INSERT INTO SPORT VALUES (29, ‘Cyclo-cross’);
INSERT INTO SPORT VALUES (30, ‘Deltaplane’);
INSERT INTO SPORT VALUES (31, ‘Equitation’);
INSERT INTO SPORT VALUES (32, ‘Escalade’);
INSERT INTO SPORT VALUES (33, ‘Escrime’);
INSERT INTO SPORT VALUES (34, ‘Fitness’);
INSERT INTO SPORT VALUES (35, ‘Football’);
INSERT INTO SPORT VALUES (36, ‘Football US’);
INSERT INTO SPORT VALUES (37, ‘Golf’);
INSERT INTO SPORT VALUES (38, ‘Gymnastique artistique’);
INSERT INTO SPORT VALUES (39, ‘Gymnastique douce’);
INSERT INTO SPORT VALUES (40, ‘Gymnastique rythmique’);
INSERT INTO SPORT VALUES (41, ‘Haltérophilie’);
INSERT INTO SPORT VALUES (42, ‘Handball’);
INSERT INTO SPORT VALUES (43, ‘Hockey sur glace’);
INSERT INTO SPORT VALUES (44, ‘Ju-Jitsu traditionnel’);
INSERT INTO SPORT VALUES (45, ‘Karaté’);
INSERT INTO SPORT VALUES (46, ‘Karting’);
INSERT INTO SPORT VALUES (47, ‘Kick boxing’);
INSERT INTO SPORT VALUES (48, ‘Kite surf’);
INSERT INTO SPORT VALUES (49, ‘Krav maga’);
INSERT INTO SPORT VALUES (50, ‘Kung fu’);
INSERT INTO SPORT VALUES (51, ‘Luge’);
INSERT INTO SPORT VALUES (52, ‘Lutte gréco-romaine’);
INSERT INTO SPORT VALUES (53, ‘Moto cross’);
INSERT INTO SPORT VALUES (54, ‘Moto vitesse’);
INSERT INTO SPORT VALUES (55, ‘Motoneige’);
INSERT INTO SPORT VALUES (56, ‘Musculation’);
INSERT INTO SPORT VALUES (57, ‘Nage avec palmes’);
INSERT INTO SPORT VALUES (58, ‘Natation’);
INSERT INTO SPORT VALUES (59, ‘Natation synchronisée’);
INSERT INTO SPORT VALUES (60, ‘Parachutisme’);
INSERT INTO SPORT VALUES (61, ‘Parapente’);
INSERT INTO SPORT VALUES (62, ‘Patinage artistique’);
INSERT INTO SPORT VALUES (63, ‘Pêche sous-marine’);
INSERT INTO SPORT VALUES (64, ‘Pelote basque’);
INSERT INTO SPORT VALUES (65, ‘Pentathlon’);
INSERT INTO SPORT VALUES (66, ‘Planche à voile’);
INSERT INTO SPORT VALUES (67, ‘Plongée’);
INSERT INTO SPORT VALUES (68, ‘Plongeon’);
INSERT INTO SPORT VALUES (69, ‘Rafting’);
INSERT INTO SPORT VALUES (70, ‘Randonnée équestre’);
INSERT INTO SPORT VALUES (71, ‘Randonnée pédestre’);
INSERT INTO SPORT VALUES (72, ‘Raquette à neige’);
INSERT INTO SPORT VALUES (73, ‘Rugby à XIII’);
INSERT INTO SPORT VALUES (74, ‘Rugby à XV’);
INSERT INTO SPORT VALUES (75, ‘Skateboard’);
INSERT INTO SPORT VALUES (76, ‘Ski alpin’);
INSERT INTO SPORT VALUES (77, ‘Ski de fond’);
INSERT INTO SPORT VALUES (78, ‘Ski de randonnée’);
INSERT INTO SPORT VALUES (79, ‘Ski de vitesse’);
INSERT INTO SPORT VALUES (80, ‘Ski nautique’);
INSERT INTO SPORT VALUES (81, ‘Snowboard’);
INSERT INTO SPORT VALUES (82, ‘Skate’);
INSERT INTO SPORT VALUES (83, ‘Spéléologie’);
INSERT INTO SPORT VALUES (84, ‘Squash’);
INSERT INTO SPORT VALUES (85, ‘Surf’);
INSERT INTO SPORT VALUES (86, ‘Taekwondo’);
INSERT INTO SPORT VALUES (87, ‘Tennis’);
INSERT INTO SPORT VALUES (88, ‘Tennis de table’);
INSERT INTO SPORT VALUES (89, ‘Tir à l »arc’);
INSERT INTO SPORT VALUES (90, ‘Tir sportif’);
INSERT INTO SPORT VALUES (91, ‘Tir subaquatique’);
INSERT INTO SPORT VALUES (92, ‘Trampoline’);
INSERT INTO SPORT VALUES (93, ‘Triathlon’);
INSERT INTO SPORT VALUES (94, ‘ULM’);
INSERT INTO SPORT VALUES (95, ‘Voile’);
INSERT INTO SPORT VALUES (96, ‘Vol à voile’);
INSERT INTO SPORT VALUES (97, ‘Volley ball’);
INSERT INTO SPORT VALUES (98, ‘VTT’);
INSERT INTO SPORT VALUES (99, ‘Water polo’);
INSERT INTO SPORT VALUES (100, ‘Yoga’);

--Insertion de donnes dans la table de jointure PRATIQUE
INSERT INTO PRATIQUE VALUES (1,12);
INSERT INTO PRATIQUE VALUES (8,29);
INSERT INTO PRATIQUE VALUES (12,90);
INSERT INTO PRATIQUE VALUES (8,24);
INSERT INTO PRATIQUE VALUES (9,30);
INSERT INTO PRATIQUE VALUES (78,2);
INSERT INTO PRATIQUE VALUES (11,90);
INSERT INTO PRATIQUE VALUES (5,55);
INSERT INTO PRATIQUE VALUES (9,12);
INSERT INTO PRATIQUE VALUES (53,12);

COMMIT;

